{"results": [{"gender": "male", "name": {"title": "Mr", "first": "Jared", "last": "Ruiz"}, "location": {"street": {"number": 1849, "name": "Nowlin Rd"}, "city": "Brisbane", "state": "Victoria", "country": "Australia", "postcode": 7408, "coordinates": {"latitude": "-88.4277", "longitude": "-177.3525"}, "timezone": {"offset": "-6:00", "description": "Central Time (US & Canada), Mexico City"}}, "email": "jared.ruiz@example.com", "login": {"uuid": "7c3282ce-ea6a-447a-9d4e-ab708f5d91ed", "username": "goldenwolf667", "password": "simpson", "salt": "5QAQrBOv", "md5": "4d53c8ec3a57e38e102ed6fae5aded96", "sha1": "8d10e2dd4ef6472749618551fbc77fe75b230666", "sha256": "7782173873858f16a3d4ef347047a12d7fc7300f934ee4514e58270e58ca7899"}, "dob": {"date": "1987-01-03T02:06:57.128Z", "age": 35}, "registered": {"date": "2012-03-18T06:33:09.118Z", "age": 10}, "phone": "05-9386-1986", "cell": "0463-263-671", "id": {"name": "TFN", "value": "659346811"}, "picture": {"large": "https://randomuser.me/api/portraits/men/4.jpg", "medium": "https://randomuser.me/api/portraits/med/men/4.jpg", "thumbnail": "https://randomuser.me/api/portraits/thumb/men/4.jpg"}, "nat": "AU"}], "info": {"seed": "f213aaa67ac6382b", "results": 1, "page": 1, "version": "1.4"}}