1,Jack,Singleton,di@zetemhas.vg,Daflukse,36
2,Patrick,McGee,uwa@tod.ky,Ravetuv,62
3,Roger,Palmer,so@jejap.gg,Napemusor,26
4,Mildred,Warren,ibe@ari.tc,Tofnusda,63
5,Glen,Warren,sac@nirwa.ge,Busditus,56
6,Eric,Owen,unki@guwul.pt,Uboevme,18
7,Callie,Graves,mekwa@jeh.mz,Matiwi,60
8,Shane,Wise,zo@umahulog.am,Nebamiz,34
9,Emily,Johnston,gohaeta@unowoet.ee,Ratzemene,65
10,Eleanor,Mack,lo@ro.ga,Najivuf,28
11,Josie,Murray,rehbiw@zefevuk.gt,Jerlohal,58
12,Estella,Hart,idovu@cut.tt,Ajimohse,33
13,Amy,Copeland,idaboipi@obanode.pr,Celitoj,62
14,Lois,Cortez,geg@cuz.om,Wijgoutu,20
15,Carl,Parsons,rofkedsim@opbarug.at,Tetakri,39
16,Jeffrey,Barrett,fumu@ivaib.mm,Hestircac,58
17,Elijah,Cox,re@dama.sa,Virgeblog,35
18,Tommy,McGee,dufeivi@mu.tl,Piztead,46
19,Tommy,Wallace,obi@oskacwo.lr,Ciijeev,45
20,Tom,Fernandez,assi@okjidoga.af,Togmugfu,27
21,Cameron,Rice,pe@zujniwem.mm,Lozikel,20
22,Troy,Hodges,esnaza@ros.tn,Ikgucze,40
23,Andrew,Harris,ceh@nonoim.ms,Miwapgec,50
24,Rosie,West,fa@zu.ge,Lucbuvod,34
25,Jim,Franklin,ru@tiapa.bd,Paebive,45
26,Caroline,Ellis,facelo@giso.ng,Gofroggas,55
27,Victor,West,culetar@bap.bh,Tucpojpo,29
28,Albert,George,sipjo@hetelba.tc,Mibimojik,53
29,Aaron,Jones,ruefe@nizohifep.sb,Kucvifca,35
30,John,Young,pez@zed.edu,Gedovluw,53
31,Sophia,Henderson,ibefo@rapdozliz.gr,Cineih,20
32,Lenora,Steele,doope@pouce.hn,Ukepeko,41
33,Lucy,Willis,uge@lecis.ie,Jilluew,55
34,Teresa,Hernandez,osejir@jiftomaw.nf,Wasibi,18
35,Violet,Hamilton,loj@banwo.co,Vukudhas,35
36,Amelia,Reid,vaw@joefuj.aw,Cafucke,54
37,Bertha,Simon,dik@ra.tj,Jejeva,46
38,Jeffrey,Ortiz,popemwel@zacaro.cw,Luvurjik,25
39,Clarence,Bass,sopba@sas.edu,Cuilawet,49
40,Connor,Lyons,pevawoudo@delfe.de,Cudahur,34
41,Anthony,Alexander,bawosep@oghe.ax,Momiveuki,26
42,Edna,Chavez,si@va.gq,Sizmisi,44
43,Matilda,Hoffman,ahehojmu@levihi.be,Bofoja,53
44,Mitchell,Mathis,sowdaf@masougu.cw,Roftanul,29
45,Nannie,Patton,or@baemiuh.cy,Ufsaoru,43
46,Josephine,Burke,piduf@kowir.ar,Usupvu,22
47,Celia,Jackson,ragpawatu@egreono.cr,Resebis,56
48,Myrtle,Lopez,wirme@emnajes.bg,Rerhihuno,21
49,Harriett,Hart,su@robvelub.bz,Kelarot,37
50,Jayden,Riley,racjo@cep.ae,Duumucu,51
51,Patrick,Barber,raok@lavuppe.cf,Nikwadra,49
52,Steve,Marshall,uguv@pasika.gm,Tutzejsac,58
53,Herman,Lee,igpac@agzerbet.ua,Isucekbit,62
54,Austin,Clark,fuzo@jituv.sb,Kejragnam,63
55,Cory,Garner,siluwjo@cok.re,Ponujur,21
56,Rodney,Henderson,tarove@sopo.tt,Vejisu,30
57,Marian,Riley,wik@fa.sy,Kodmojzo,31
58,Hunter,Osborne,memepwoz@di.mc,Wokgulfeb,59
59,William,Steele,sa@igemeoj.pt,Uheregla,44
60,Lina,Saunders,parif@adli.th,Butijfu,35
61,Justin,Bennett,zer@rilal.kh,Nawgukil,49
62,Vincent,McKenzie,watobre@no.it,Ejuubulop,44
63,Marie,Kim,basze@arehujo.am,Zalelhed,19
64,Adele,Young,igwovic@ik.es,Idosufpu,52
65,Phillip,Rowe,vuphin@tuffi.kp,Giwzosam,60
66,Gertrude,Ellis,doufa@ziz.ba,Navdive,62
67,Gregory,Lindsey,egala@hohpi.et,Tuuladot,35
68,Gerald,Chambers,ri@vavujo.ne,Ekapovne,58
69,Ronald,McLaughlin,no@ala.cn,Jufcedre,64
70,Joseph,Perry,ato@avunuhus.zm,Anefupaw,60
71,Herbert,Becker,so@rapizvam.uy,Lumitub,44
72,Hettie,Patterson,vagfi@cukismeg.bo,Nitnizcu,28
73,Justin,Stevens,mo@uz.gg,Zikgubek,58
74,Francisco,Williams,lup@kad.bz,Uraaziti,65
75,Olga,Thornton,zenaha@ohupa.sg,Wajawec,61
76,Ophelia,Burton,baameta@boj.nu,Lollewesi,23
77,Joel,Soto,hutfa@eje.bt,Zegotu,23
78,Lottie,Ingram,inefidnak@ukhaar.mp,Eberidce,36
79,Franklin,Day,hude@gi.kn,Weavso,30
80,Helena,Castro,lewicifo@bijogud.tm,Luumocum,54
81,Peter,Potter,kufi@wizazwu.ug,Levpecjiz,43
82,Eula,Chavez,wemsami@luwja.ky,Wosobu,27
83,Edgar,Meyer,osod@kasihlu.kn,Zateher,45
84,Elizabeth,Phelps,hazmamjet@bikigug.lv,Wigcowhal,45
85,Edward,Cooper,nisahgek@cearuguj.my,Hackivij,40
86,Eugenia,Guerrero,am@kihcolso.uk,Fifopzeg,52
87,Stella,Wright,lugwoibi@rewdi.et,Lirwolnus,61
88,Henrietta,Bowman,ij@ku.ai,Toozoreh,59
89,Nannie,Hubbard,dogopa@hezbis.bf,Uzodudsod,46
90,Marc,Adkins,achejor@heel.org,Tubwakef,52
91,Patrick,Snyder,pu@suup.ms,Cueloedu,42
92,Cecelia,Newman,filco@idjarjik.ee,Riihgi,34
93,Barbara,Fletcher,ipa@tup.gm,Opimolvif,56
94,Ricky,Morris,newcowi@nenaf.hu,Ehuvapah,25
95,Max,Carroll,coabec@wonedi.dm,Ubujuceba,20
96,Derrick,Morgan,isef@uva.bw,Zovlaela,21
97,Carl,Bush,ucerafafo@zevkaim.om,Ivubivazi,60
98,Mike,Adkins,timu@etborod.do,Afvokde,24
99,Lillie,Pratt,waned@hi.eu,Tevikci,41
100,Kenneth,Daniels,az@dih.fm,Vaseske,49
